{
    "loss": 0.09780757874250412,
    "accuracy": 0.9640287756919861
}