{
    "loss": 0.33397212624549866,
    "accuracy": 0.9568345546722412
}