{
    "loss": 0.023357033729553223,
    "accuracy": 0.9784172773361206
}