{
    "loss": 1.439041256904602,
    "accuracy": 0.8129496574401855
}